case,method,window,channel,count,bias,rmse,p95_abs,max_abs,max_abs_interval_start_s,fraction_exceeding,longest_exceeding_s
fast_turn,B0,all,speed_m_s,3200,-0.0386193922162056,0.050828476807938366,0.11192816495895384,0.13617992401123047,2.115000009536743,0.0971875,1.555
fast_turn,B0,all,steer_rad,3200,-0.001710628572494386,0.04435056440345976,0.09206834477372466,0.1444188952445984,6.019999980926514,0.3109375,2.43
fast_turn,B0,command_1_6,speed_m_s,1000,-0.0719731137752533,0.08268243724422429,0.12900933027267455,0.13617992401123047,2.115000009536743,0.311,1.555
fast_turn,B0,command_1_6,steer_rad,1000,0.00041362139835837296,0.058249875875473346,0.11305427886545656,0.1397220641374588,5.994999885559082,0.468,0.78
fast_turn,B0,stable_2_4,speed_m_s,400,-0.10994911909103394,0.11058501501428224,0.13474889993667602,0.13617992401123047,2.115000009536743,0.695,1.3900000000000001
fast_turn,B0,stable_2_4,steer_rad,400,-0.015487157627940179,0.019704217039900756,0.02533378228545189,0.025369256734848022,3.7649998664855957,0.0,0.0
fast_turn,B0,governed_quiet_0p3s,speed_m_s,2689,-0.037801114987067994,0.04921155105909664,0.11051278114318847,0.1360487937927246,2.129999876022339,0.09371513573819264,1.26
fast_turn,B0,governed_quiet_0p3s,steer_rad,2689,-0.0013131516319778813,0.04124218747208719,0.0907604396343231,0.1444188952445984,6.019999980926514,0.2521383413908516,2.43
fast_turn,B0,governed_transient,speed_m_s,511,-0.04292535595231327,0.058606640444956073,0.12751948833465576,0.13617992401123047,2.115000009536743,0.11545988258317025,0.295
fast_turn,B0,governed_transient,steer_rad,511,-0.003802244018773997,0.058025968027687745,0.09316088259220123,0.09589247405529022,4.364999771118164,0.6203522504892368,0.78
fast_turn,B0,post_turn_recovery,speed_m_s,2112,-0.0284857607700608,0.03075716013290123,0.03358539342880249,0.07596087455749512,5.739999771118164,0.0,0.0
fast_turn,B0,post_turn_recovery,steer_rad,2112,0.0028589627250477697,0.04461790209999259,0.10164969116449354,0.1444188952445984,6.019999980926514,0.3020833333333333,2.43
fast_turn,alpha0,all,speed_m_s,3200,-0.03419534333050251,0.04256497354099242,0.08289715051651,0.09383296966552734,2.109999895095825,0.0,0.0
fast_turn,alpha0,all,steer_rad,3200,-0.0001676902800056723,0.053335995023188025,0.112579292897135,0.1589220091700554,6.934999942779541,0.4703125,3.15
fast_turn,alpha0,command_1_6,speed_m_s,1000,-0.05058018970489502,0.05806224929824272,0.08377171754837036,0.09383296966552734,2.109999895095825,0.0,0.0
fast_turn,alpha0,command_1_6,steer_rad,1000,-0.006140330824942794,0.03604975106898992,0.06954892603680492,0.09107268415391445,5.994999885559082,0.275,0.5750000000000001
fast_turn,alpha0,stable_2_4,speed_m_s,400,-0.07788097620010376,0.07807810133238682,0.09083560705184936,0.09383296966552734,2.109999895095825,0.0,0.0
fast_turn,alpha0,stable_2_4,steer_rad,400,-0.006367228664457798,0.00970729368437682,0.013950009644031524,0.018300145864486694,2.0149998664855957,0.0,0.0
fast_turn,alpha0,governed_quiet_0p3s,speed_m_s,868,-0.035654399801509175,0.0424339073127556,0.07607461214065551,0.07891607284545898,2.879999876022339,0.0,0.0
fast_turn,alpha0,governed_quiet_0p3s,steer_rad,868,-0.014305776465804346,0.04642067476766324,0.07528040884062648,0.07828313857316971,8.460000038146973,0.5472350230414746,1.42
fast_turn,alpha0,governed_transient,speed_m_s,2332,-0.03365226399223759,0.0426136551074741,0.08372683525085449,0.09383296966552734,2.109999895095825,0.0,0.0
fast_turn,alpha0,governed_transient,steer_rad,2332,0.005094684852615789,0.055691103759624515,0.11497445530258119,0.1589220091700554,6.934999942779541,0.44168096054888506,1.22
fast_turn,alpha0,post_turn_recovery,speed_m_s,2112,-0.0297815062557206,0.03502993552388396,0.0827775478363037,0.08637738227844238,6.179999828338623,0.0,0.0
fast_turn,alpha0,post_turn_recovery,steer_rad,2112,0.0023583272712089224,0.06130734667266019,0.1162185534834861,0.1589220091700554,6.934999942779541,0.5946969696969697,3.15
fast_turn,alpha1,all,speed_m_s,3200,-0.03452378921210766,0.04452683527605728,0.0955461025238037,0.10744643211364746,2.115000009536743,0.0225,0.36
fast_turn,alpha1,all,steer_rad,3200,-0.003585430570098147,0.03623027221125601,0.0762729525566101,0.16097218729555607,6.634999752044678,0.1525,0.74
fast_turn,alpha1,command_1_6,speed_m_s,1000,-0.057104326486587524,0.06696227743704208,0.10254008769989013,0.10744643211364746,2.115000009536743,0.072,0.36
fast_turn,alpha1,command_1_6,steer_rad,1000,-0.010609719069238053,0.036483123886705195,0.07481222180649638,0.0800358597189188,1.2549999952316284,0.266,0.74
fast_turn,alpha1,stable_2_4,speed_m_s,400,-0.09314682245254517,0.09339498240815015,0.10637880563735962,0.10744643211364746,2.115000009536743,0.175,0.35000000000000003
fast_turn,alpha1,stable_2_4,steer_rad,400,-0.011950094848871232,0.015297947497291523,0.021069641411304473,0.02120913565158844,3.9800000190734863,0.0,0.0
fast_turn,alpha1,governed_quiet_0p3s,speed_m_s,1928,-0.03451839448010773,0.0427986693545865,0.09368239641189574,0.0979926586151123,2.440000057220459,0.0,0.0
fast_turn,alpha1,governed_quiet_0p3s,steer_rad,1928,-0.007184306544079636,0.018287960763243686,0.03490427331998943,0.038646403700113297,8.039999961853027,0.0,0.0
fast_turn,alpha1,governed_transient,speed_m_s,1272,-0.034531966132937734,0.04702532665244926,0.10091542005538941,0.10744643211364746,2.115000009536743,0.05660377358490566,0.36
fast_turn,alpha1,governed_transient,steer_rad,1272,0.0018694694910939213,0.05287047886679675,0.1296040742541664,0.16097218729555607,6.634999752044678,0.3836477987421384,0.74
fast_turn,alpha1,post_turn_recovery,speed_m_s,2112,-0.026611132377927952,0.029962164088072868,0.0417066693305969,0.08927059173583984,6.319999694824219,0.0,0.0
fast_turn,alpha1,post_turn_recovery,steer_rad,2112,-0.001245211863432785,0.03705337443150057,0.08306619902141392,0.16097218729555607,6.634999752044678,0.10558712121212122,0.61
gentle_negative,B0,all,speed_m_s,2000,-0.02973124301433563,0.0325736673826204,0.042663288116455075,0.04427385330200195,4.464999675750732,0.0,0.0
gentle_negative,B0,all,steer_rad,2000,0.0013443868273086536,0.02315037435843803,0.04972100127488374,0.08991214260458946,1.2599999904632568,0.087,0.29
gentle_negative,B0,command_1_6,speed_m_s,1000,-0.03607767105102539,0.03711895668925951,0.043159651756286624,0.04427385330200195,4.464999675750732,0.0,0.0
gentle_negative,B0,command_1_6,steer_rad,1000,0.0005004327418646426,0.03085394542011136,0.07578845235984773,0.08991214260458946,1.2599999904632568,0.174,0.29
gentle_negative,B0,stable_2_4,speed_m_s,400,-0.04197370946407318,0.04198129771355147,0.04320384263992309,0.04342246055603027,3.629999876022339,0.0,0.0
gentle_negative,B0,stable_2_4,steer_rad,400,-0.008586579505354165,0.009200819513466962,0.014228030294179912,0.015377268195152283,2.0149998664855957,0.0,0.0
gentle_negative,B0,governed_quiet_0p3s,speed_m_s,1715,-0.031246129277843777,0.033486820580130576,0.04256558418273926,0.04342246055603027,3.629999876022339,0.0,0.0
gentle_negative,B0,governed_quiet_0p3s,steer_rad,1715,0.0017153299606405136,0.015648646565130264,0.03304881677031516,0.04614879563450813,4.650000095367432,0.03440233236151603,0.17
gentle_negative,B0,governed_transient,speed_m_s,285,-0.0206153484812954,0.026420549342651485,0.04350471496582031,0.04427385330200195,4.464999675750732,0.0,0.0
gentle_negative,B0,governed_transient,steer_rad,285,-0.0008877797469514853,0.04782681575270197,0.08721307776868344,0.08991214260458946,1.2599999904632568,0.40350877192982454,0.29
gentle_negative,B0,post_turn_recovery,speed_m_s,1025,-0.03108725152364591,0.03125536254609256,0.03574981689453125,0.03594088554382324,5.139999866485596,0.0,0.0
gentle_negative,B0,post_turn_recovery,steer_rad,1025,0.006398801403347755,0.014083372721860539,0.020708003267645835,0.02518635056912899,4.875,0.0,0.0
gentle_negative,alpha0,all,speed_m_s,2000,-0.029462097287178038,0.03207568797879884,0.041749644279479976,0.045844078063964844,0.0,0.0,0.0
gentle_negative,alpha0,all,steer_rad,2000,0.0008958524564021246,0.01813371953615278,0.03538614348508416,0.07405498949810863,4.255000114440918,0.0475,0.245
gentle_negative,alpha0,command_1_6,speed_m_s,1000,-0.035089884281158445,0.03613493539551175,0.04218369722366333,0.044359683990478516,4.394999980926514,0.0,0.0
gentle_negative,alpha0,command_1_6,steer_rad,1000,0.00043197533827333244,0.024035230732210925,0.0619179007015191,0.07405498949810863,4.255000114440918,0.095,0.245
gentle_negative,alpha0,stable_2_4,speed_m_s,400,-0.04023743093013763,0.04025213186106566,0.04233114719390869,0.04251408576965332,3.6399998664855957,0.0,0.0
gentle_negative,alpha0,stable_2_4,steer_rad,400,-0.006493374407291412,0.007093520292233424,0.011375138536095602,0.016543462872505188,2.0,0.0,0.0
gentle_negative,alpha0,governed_quiet_0p3s,speed_m_s,776,-0.032766803023741416,0.033171191232595876,0.0397379994392395,0.03977608680725098,3.059999942779541,0.0,0.0
gentle_negative,alpha0,governed_quiet_0p3s,steer_rad,776,0.003043192675697599,0.010326399747182668,0.016377924126572907,0.0165655636228621,5.779999732971191,0.0,0.0
gentle_negative,alpha0,governed_transient,speed_m_s,1224,-0.027366957048964656,0.031361338218489694,0.04213138818740845,0.045844078063964844,0.0,0.0,0.0
gentle_negative,alpha0,governed_transient,steer_rad,1224,-0.000465533172824418,0.021672608005202505,0.056961682997643905,0.07405498949810863,4.255000114440918,0.07761437908496732,0.245
gentle_negative,alpha0,post_turn_recovery,speed_m_s,1025,-0.031064589198042707,0.031223475080242778,0.03508667945861817,0.03712296485900879,4.880000114440918,0.0,0.0
gentle_negative,alpha0,post_turn_recovery,steer_rad,1025,0.004913448022000993,0.011631002893483717,0.016529370844364167,0.027978898491710424,4.875,0.0,0.0
gentle_negative,alpha1,all,speed_m_s,2000,-0.029388577222824095,0.03201938549479438,0.04182687997817993,0.04584360122680664,0.0,0.0,0.0
gentle_negative,alpha1,all,steer_rad,2000,0.001028898396789316,0.017771528110124953,0.03583407010883092,0.0683591328561306,4.255000114440918,0.0455,0.23
gentle_negative,alpha1,command_1_6,speed_m_s,1000,-0.03524240684509277,0.0361978647540372,0.042323851585388185,0.04258322715759277,3.679999828338623,0.0,0.0
gentle_negative,alpha1,command_1_6,steer_rad,1000,0.0003823854179427144,0.023282973721197503,0.05833383444696664,0.0683591328561306,4.255000114440918,0.091,0.23
gentle_negative,alpha1,stable_2_4,speed_m_s,400,-0.04064154326915741,0.040654268936412226,0.04250079393386841,0.04258322715759277,3.679999828338623,0.0,0.0
gentle_negative,alpha1,stable_2_4,steer_rad,400,-0.006774432361125946,0.0073176621747857796,0.010241343080997455,0.015268176794052124,2.0,0.0,0.0
gentle_negative,alpha1,governed_quiet_0p3s,speed_m_s,1056,-0.03181412364497329,0.03284275473860444,0.04020196199417114,0.041961669921875,3.919999837875366,0.0,0.0
gentle_negative,alpha1,governed_quiet_0p3s,steer_rad,1056,0.003425076389540684,0.01080097597416575,0.0176362874917686,0.018092171754688025,5.619999885559082,0.0,0.0
gentle_negative,alpha1,governed_transient,speed_m_s,944,-0.026675254106521606,0.031072484795574933,0.042371082305908206,0.04584360122680664,0.0,0.0,0.0
gentle_negative,alpha1,governed_transient,steer_rad,944,-0.001651571900186791,0.02320825759292817,0.05877864062786102,0.0683591328561306,4.255000114440918,0.09639830508474577,0.23
gentle_negative,alpha1,post_turn_recovery,speed_m_s,1025,-0.030879546607412944,0.031045711721506716,0.03519105911254883,0.03589987754821777,4.880000114440918,0.0,0.0
gentle_negative,alpha1,post_turn_recovery,steer_rad,1025,0.005322773954450407,0.01217657556933285,0.0179143195040524,0.022899906150996685,4.875,0.0,0.0
gentle_positive,B0,all,speed_m_s,2000,-0.02625902259349823,0.02927842931035182,0.03888424634933472,0.04365730285644531,0.0,0.0,0.0
gentle_positive,B0,all,steer_rad,2000,-0.000866291438753251,0.021306033184768692,0.04982145950198169,0.09305150271393359,4.259999752044678,0.0635,0.3
gentle_positive,B0,command_1_6,speed_m_s,1000,-0.030609692096710207,0.03258112865033338,0.0396531343460083,0.04102063179016113,3.1649999618530273,0.0,0.0
gentle_positive,B0,command_1_6,steer_rad,1000,0.001203996282099979,0.029497687279597704,0.07738866554573176,0.09305150271393359,4.259999752044678,0.127,0.3
gentle_positive,B0,stable_2_4,speed_m_s,400,-0.03626842617988586,0.03638094159067083,0.04014111757278442,0.04102063179016113,3.1649999618530273,0.0,0.0
gentle_positive,B0,stable_2_4,steer_rad,400,0.009477021787315607,0.010181301538913282,0.014861384406685827,0.015116959810256958,2.369999885559082,0.0,0.0
gentle_positive,B0,governed_quiet_0p3s,speed_m_s,1715,-0.028082659640743156,0.02998770710632977,0.03907623291015625,0.04102063179016113,3.1649999618530273,0.0,0.0
gentle_positive,B0,governed_quiet_0p3s,steer_rad,1715,-0.0013599939928677094,0.011667126065916772,0.02467717695981263,0.04065600782632828,4.644999980926514,0.00641399416909621,0.055
gentle_positive,B0,governed_transient,speed_m_s,285,-0.015285206677620872,0.024581944975978227,0.033210134506225585,0.04365730285644531,0.0,0.0,0.0
gentle_positive,B0,governed_transient,steer_rad,285,0.0021045853342512967,0.04864642070808458,0.08914363831281662,0.09305150271393359,4.259999752044678,0.4070175438596491,0.3
gentle_positive,B0,post_turn_recovery,speed_m_s,1025,-0.028946502266860588,0.029004621951010865,0.03223438262939453,0.03355884552001953,4.889999866485596,0.0,0.0
gentle_positive,B0,post_turn_recovery,steer_rad,1025,-0.005492071194799436,0.008413271061277457,0.013653462938964366,0.019338207319378853,4.875,0.0,0.0
gentle_positive,alpha0,all,speed_m_s,2000,-0.02670251727104187,0.02965171852854378,0.038724660873413086,0.045844078063964844,0.0,0.0,0.0
gentle_positive,alpha0,all,steer_rad,2000,-0.0005468025888326338,0.01711441811679898,0.03965000892058013,0.07636720314621925,1.2549999952316284,0.05,0.25
gentle_positive,alpha0,command_1_6,speed_m_s,1000,-0.0309017972946167,0.03300447550559347,0.03975552320480347,0.041208744049072266,2.9749999046325684,0.0,0.0
gentle_positive,alpha0,command_1_6,steer_rad,1000,0.0011257748100761092,0.023685124870887753,0.06680667069740594,0.07636720314621925,1.2549999952316284,0.1,0.25
gentle_positive,alpha0,stable_2_4,speed_m_s,400,-0.03549656867980957,0.0356082196173054,0.04044243097305298,0.041208744049072266,2.9749999046325684,0.0,0.0
gentle_positive,alpha0,stable_2_4,steer_rad,400,0.007948085945099593,0.008311696993200019,0.01091955006122589,0.011055812239646912,2.6549999713897705,0.0,0.0
gentle_positive,alpha0,governed_quiet_0p3s,speed_m_s,984,-0.029734226988583076,0.029847391567475075,0.033332419395446775,0.041208744049072266,2.9749999046325684,0.0,0.0
gentle_positive,alpha0,governed_quiet_0p3s,steer_rad,984,-0.0022859177842120496,0.006329140542668186,0.010650953836739063,0.010913399746641517,5.739999771118164,0.0,0.0
gentle_positive,alpha0,governed_transient,speed_m_s,1016,-0.02376629447373818,0.029460969584889713,0.039658546447753906,0.045844078063964844,0.0,0.0,0.0
gentle_positive,alpha0,governed_transient,steer_rad,1016,0.0011375373248025482,0.023190191112689027,0.0666421806672588,0.07636720314621925,1.2549999952316284,0.0984251968503937,0.25
gentle_positive,alpha0,post_turn_recovery,speed_m_s,1025,-0.029274160338611136,0.029346455002071385,0.03278336524963379,0.03383207321166992,5.019999980926514,0.0,0.0
gentle_positive,alpha0,post_turn_recovery,steer_rad,1025,-0.004377781499027972,0.00681304562248533,0.01085712700150907,0.019520873902365565,4.875,0.0,0.0
gentle_positive,alpha1,all,speed_m_s,2000,-0.026219957947731017,0.029058730343577404,0.03475887775421142,0.04584360122680664,0.0,0.0,0.0
gentle_positive,alpha1,all,steer_rad,2000,-0.0005102785627362323,0.015963984108169346,0.037843495421111574,0.07160633988678455,4.255000114440918,0.048,0.25
gentle_positive,alpha1,command_1_6,speed_m_s,1000,-0.029985506772994996,0.03188639635629529,0.034929299354553224,0.03531289100646973,1.399999976158142,0.0,0.0
gentle_positive,alpha1,command_1_6,steer_rad,1000,0.0011633607087132988,0.022094992978027063,0.06119131790474055,0.07160633988678455,4.255000114440918,0.096,0.25
gentle_positive,alpha1,stable_2_4,speed_m_s,400,-0.03379995226860046,0.033809724229318966,0.03501228094100952,0.035131216049194336,2.059999942779541,0.0,0.0
gentle_positive,alpha1,stable_2_4,steer_rad,400,0.00787668775767088,0.008222307899983985,0.011750425025820731,0.011882714927196503,2.375,0.0,0.0
gentle_positive,alpha1,governed_quiet_0p3s,speed_m_s,1256,-0.029504956523324275,0.030121355081605267,0.03412562608718872,0.034700632095336914,2.419999837875366,0.0,0.0
gentle_positive,alpha1,governed_quiet_0p3s,steer_rad,1256,-0.0009751864654937085,0.006600745609675904,0.01047145901247859,0.011789612472057343,2.419999837875366,0.0,0.0
gentle_positive,alpha1,governed_transient,speed_m_s,744,-0.020674315191084338,0.027170701978556252,0.034984362125396726,0.04584360122680664,0.0,0.0,0.0
gentle_positive,alpha1,governed_transient,steer_rad,744,0.0002745659612737006,0.024729011272665608,0.06480500486213714,0.07160633988678455,4.255000114440918,0.12903225806451613,0.25
gentle_positive,alpha1,post_turn_recovery,speed_m_s,1025,-0.029399945561478777,0.029476579825625494,0.03311843872070312,0.03364896774291992,4.940000057220459,0.0,0.0
gentle_positive,alpha1,post_turn_recovery,steer_rad,1025,-0.004277349936448179,0.0065203002727250645,0.010492537310346961,0.017149036284536123,4.875,0.0,0.0
speed_changes,B0,all,speed_m_s,2000,-0.016553685784339904,0.02038946096897112,0.032883954048156736,0.04365730285644531,0.0,0.0,0.0
speed_changes,B0,all,steer_rad,2000,-0.000444015136436974,0.004691130950148718,0.007225918187759817,0.009545622393488884,7.774999618530273,0.0,0.0
speed_changes,B0,command_1_6,speed_m_s,1000,-0.011989460945129395,0.01465960717459032,0.023526263236999512,0.02694869041442871,4.764999866485596,0.0,0.0
speed_changes,B0,command_1_6,steer_rad,1000,0.0013604189873194627,0.004130133802042172,0.007201368710957467,0.007237385027110577,5.734999656677246,0.0,0.0
speed_changes,B0,stable_2_4,speed_m_s,400,-0.006334662437438965,0.008898135435877067,0.015823912620544434,0.02634716033935547,3.494999885559082,0.0,0.0
speed_changes,B0,stable_2_4,steer_rad,400,-0.001341822475169465,0.001764568194161061,0.0026801577652804547,0.003133986843749881,2.0,0.0,0.0
speed_changes,B0,governed_quiet_0p3s,speed_m_s,1284,-0.016562474943767082,0.020653356289806423,0.028677630424499504,0.0338892936706543,7.339999675750732,0.0,0.0
speed_changes,B0,governed_quiet_0p3s,steer_rad,1284,-0.0018016211112816879,0.005115895437574497,0.0078415306052193,0.009545622393488884,7.774999618530273,0.0,0.0
speed_changes,B0,governed_transient,speed_m_s,716,-0.01653792421911016,0.019907458786585015,0.034829020500183105,0.04365730285644531,0.0,0.0,0.0
speed_changes,B0,governed_transient,steer_rad,716,0.001990574349178407,0.003812665491285644,0.006660041632130742,0.007099751848727465,6.0,0.0,0.0
speed_changes,alpha0,all,speed_m_s,2000,-0.01732450580596924,0.0208963160806593,0.033002829551696776,0.045844078063964844,0.0,0.0,0.0
speed_changes,alpha0,all,steer_rad,2000,-0.00048047534728857497,0.005300748409563769,0.009371646551880984,0.01590674667386338,6.694999694824219,0.0,0.0
speed_changes,alpha0,command_1_6,speed_m_s,1000,-0.012994083881378174,0.015637269499794118,0.02482392787933349,0.029607534408569336,3.359999895095825,0.0,0.0
speed_changes,alpha0,command_1_6,steer_rad,1000,0.0012289108416816815,0.004738002428892896,0.009487803280353545,0.01579562295228243,1.0950000286102295,0.0,0.0
speed_changes,alpha0,stable_2_4,speed_m_s,400,-0.00885618567466736,0.012239646604232829,0.027603781223297114,0.029607534408569336,3.359999895095825,0.0,0.0
speed_changes,alpha0,stable_2_4,steer_rad,400,-0.0007573888077172341,0.0021158986485902845,0.003636089462088421,0.006323463981971145,3.5950000286102295,0.0,0.0
speed_changes,alpha0,governed_quiet_0p3s,speed_m_s,564,-0.021104328175808523,0.02339164077056707,0.03198122978210449,0.03409552574157715,7.50499963760376,0.0,0.0
speed_changes,alpha0,governed_quiet_0p3s,steer_rad,564,-0.003618899168760816,0.0051531527337672104,0.006951055448735133,0.007417769578751177,8.279999732971191,0.0,0.0
speed_changes,alpha0,governed_transient,speed_m_s,1436,-0.015839951616143783,0.01983056389392157,0.0345727801322937,0.045844078063964844,0.0,0.0,0.0
speed_changes,alpha0,governed_transient,steer_rad,1436,0.0007521646494456479,0.0053576057498156545,0.009672249958384782,0.01590674667386338,6.694999694824219,0.0,0.0
speed_changes,alpha1,all,speed_m_s,2000,-0.01690736424922943,0.020527335854870165,0.03242547512054443,0.04584360122680664,0.0,0.0,0.0
speed_changes,alpha1,all,steer_rad,2000,-0.00030160399565153285,0.0061271180371771,0.010388106599566526,0.018819861812517047,6.899999618530273,0.0,0.0
speed_changes,alpha1,command_1_6,speed_m_s,1000,-0.012580296516418458,0.015196689313980355,0.024383914470672608,0.029523849487304688,3.444999933242798,0.0,0.0
speed_changes,alpha1,command_1_6,steer_rad,1000,0.0007624130081458133,0.005498962870260576,0.010150726255960762,0.012318390887230635,1.2999999523162842,0.0,0.0
speed_changes,alpha1,stable_2_4,speed_m_s,400,-0.007692978978157044,0.010956543804062758,0.025134587287902806,0.029523849487304688,3.444999933242798,0.0,0.0
speed_changes,alpha1,stable_2_4,steer_rad,400,-0.0008894649084686535,0.004384163789021949,0.008886090049054473,0.010387643007561564,3.799999952316284,0.0,0.0
speed_changes,alpha1,governed_quiet_0p3s,speed_m_s,772,-0.019791164237600533,0.022514485343088454,0.030926632881164547,0.03406071662902832,7.875,0.0,0.0
speed_changes,alpha1,governed_quiet_0p3s,steer_rad,772,-0.0020670197320209645,0.005823497265813129,0.00932806676137261,0.010245320852845907,5.5,0.0,0.0
speed_changes,alpha1,governed_transient,speed_m_s,1228,-0.015094421585530335,0.019172936863585774,0.03446407318115234,0.04584360122680664,0.0,0.0,0.0
speed_changes,alpha1,governed_transient,steer_rad,1228,0.0008082501969194778,0.006310519494867981,0.011562850652262563,0.018819861812517047,6.899999618530273,0.0,0.0
steer_reversal,B0,all,speed_m_s,2000,-0.030583903551101684,0.035747019895986484,0.06452171802520752,0.06719183921813965,4.494999885559082,0.0,0.0
steer_reversal,B0,all,steer_rad,2000,-0.0011643538323673965,0.035723282424639916,0.09043212956748903,0.10212629660964012,5.359999656677246,0.193,0.9400000000000001
steer_reversal,B0,command_1_6,speed_m_s,1000,-0.03728761291503906,0.04220911356354944,0.06617342233657837,0.06719183921813965,4.494999885559082,0.0,0.0
steer_reversal,B0,command_1_6,steer_rad,1000,-0.0018377907770263846,0.05033413938927072,0.09719901662319899,0.10212629660964012,5.359999656677246,0.386,0.9400000000000001
steer_reversal,B0,stable_2_4,speed_m_s,400,-0.03586681127548218,0.037097185596572956,0.04819284677505491,0.05973243713378906,3.994999885559082,0.0,0.0
steer_reversal,B0,stable_2_4,steer_rad,400,0.036680665146996035,0.04893998771520978,0.0958603909239173,0.09786346182227135,3.319999933242798,0.46,0.92
steer_reversal,B0,governed_quiet_0p3s,speed_m_s,1364,-0.032464011498560305,0.036512943529549466,0.06562508344650268,0.06719183921813965,4.494999885559082,0.0,0.0
steer_reversal,B0,governed_quiet_0p3s,steer_rad,1364,0.0003346006727314598,0.01175607190175767,0.03189865555614231,0.03915373980998993,1.7949999570846558,0.0,0.0
steer_reversal,B0,governed_transient,speed_m_s,636,-0.02655172235560867,0.03404632483343423,0.06100285053253174,0.06438827514648438,4.289999961853027,0.0,0.0
steer_reversal,B0,governed_transient,steer_rad,636,-0.0043790927395290944,0.06096439167615682,0.09874299610964954,0.10212629660964012,5.359999656677246,0.6069182389937107,0.9400000000000001
steer_reversal,B0,post_turn_recovery,speed_m_s,779,-0.030784287103792517,0.03090889499136749,0.03663489818572997,0.04046940803527832,6.789999961853027,0.0,0.0
steer_reversal,B0,post_turn_recovery,steer_rad,779,-0.0007843198353966657,0.004644740821388547,0.009854002110660072,0.01135770883411169,7.204999923706055,0.0,0.0
steer_reversal,alpha0,all,speed_m_s,2000,-0.028881718873977662,0.0332055969760584,0.056529569625854495,0.0678253173828125,4.279999732971191,0.0,0.0
steer_reversal,alpha0,all,steer_rad,2000,-0.0013025445467119425,0.030099615722011187,0.07399239467631559,0.08237257972359657,5.295000076293945,0.1895,0.92
steer_reversal,alpha0,command_1_6,speed_m_s,1000,-0.033992629766464236,0.03817822299161782,0.05751532316207885,0.0678253173828125,4.279999732971191,0.0,0.0
steer_reversal,alpha0,command_1_6,steer_rad,1000,-0.0020515010461676867,0.04232394306731699,0.08026591464877128,0.08237257972359657,5.295000076293945,0.379,0.92
steer_reversal,alpha0,stable_2_4,speed_m_s,400,-0.0332874196767807,0.033911182524523596,0.03906326293945313,0.04483795166015625,3.9549999237060547,0.0,0.0
steer_reversal,alpha0,stable_2_4,steer_rad,400,0.03252034043209278,0.041622808359964375,0.07399785071611403,0.07929615676403046,3.254999876022339,0.46,0.92
steer_reversal,alpha0,governed_quiet_0p3s,speed_m_s,528,-0.03259925408796831,0.032911605579037446,0.037881517410278315,0.055741310119628906,4.960000038146973,0.0,0.0
steer_reversal,alpha0,governed_quiet_0p3s,steer_rad,528,0.0015008004701051257,0.004899473964022358,0.008443468064069749,0.013226598501205444,4.960000038146973,0.0,0.0
steer_reversal,alpha0,governed_transient,speed_m_s,1472,-0.0275482551559158,0.033310418140833256,0.056648421287536624,0.0678253173828125,4.279999732971191,0.0,0.0
steer_reversal,alpha0,governed_transient,steer_rad,1472,-0.00230809221578763,0.03496212211831923,0.07642442435026169,0.08237257972359657,5.295000076293945,0.25747282608695654,0.92
steer_reversal,alpha0,post_turn_recovery,speed_m_s,779,-0.03008366518669471,0.030211968370058493,0.03588740825653075,0.04000735282897949,7.119999885559082,0.0,0.0
steer_reversal,alpha0,post_turn_recovery,steer_rad,779,-0.0010355478453104544,0.004260594755394377,0.008875938295386729,0.011107288039056584,6.105000019073486,0.0,0.0
steer_reversal,alpha1,all,speed_m_s,2000,-0.028629571795463563,0.03278025652589146,0.05657031536102295,0.05811119079589844,4.34499979019165,0.0,0.0
steer_reversal,alpha1,all,steer_rad,2000,-0.0010326789276338673,0.0294584028542725,0.0719600100070238,0.08277949690818787,5.394999980926514,0.1855,0.915
steer_reversal,alpha1,command_1_6,speed_m_s,1000,-0.033567718267440795,0.037422874972537525,0.05736223459243774,0.05811119079589844,4.34499979019165,0.0,0.0
steer_reversal,alpha1,command_1_6,steer_rad,1000,-0.0017211987191039953,0.04145809537332339,0.07670848704874514,0.08277949690818787,5.394999980926514,0.371,0.915
steer_reversal,alpha1,stable_2_4,speed_m_s,400,-0.033089028000831605,0.03380893543360016,0.041551017761230456,0.05051922798156738,3.994999885559082,0.0,0.0
steer_reversal,alpha1,stable_2_4,steer_rad,400,0.03188193800300723,0.04126194573944554,0.0728798171505332,0.07517610490322113,3.254999876022339,0.455,0.91
steer_reversal,alpha1,governed_quiet_0p3s,speed_m_s,832,-0.03251504582854418,0.034182704233320545,0.05629293918609619,0.05740022659301758,4.659999847412109,0.0,0.0
steer_reversal,alpha1,governed_quiet_0p3s,steer_rad,832,0.00047174625121935667,0.005743204473310424,0.011102804541587828,0.016237705945968628,4.659999847412109,0.0,0.0
steer_reversal,alpha1,governed_transient,speed_m_s,1168,-0.0258618368677897,0.0317434869310112,0.05704120397567748,0.05811119079589844,4.34499979019165,0.0,0.0
steer_reversal,alpha1,governed_transient,steer_rad,1168,-0.002104324260515616,0.03824210880444776,0.074346499890089,0.08277949690818787,5.394999980926514,0.3176369863013699,0.915
steer_reversal,alpha1,post_turn_recovery,speed_m_s,779,-0.030196657841869742,0.030316569156642745,0.03566124439239501,0.03956723213195801,6.899999618530273,0.0,0.0
steer_reversal,alpha1,post_turn_recovery,steer_rad,779,-0.0006514245278142486,0.0042415717721833,0.009054603072581805,0.010236307425657287,7.319999694824219,0.0,0.0
straight_hold,B0,all,speed_m_s,2000,-0.015589769840240478,0.020138969001612148,0.02707158327102661,0.04365730285644531,0.0,0.0,0.0
straight_hold,B0,all,steer_rad,2000,-0.0004035187790143482,0.003902104654646119,0.006647507613524795,0.009248162619769573,8.295000076293945,0.0,0.0
straight_hold,B0,command_1_6,speed_m_s,1000,-0.011495896339416504,0.01659493807254957,0.025740993022918702,0.02830219268798828,3.884999990463257,0.0,0.0
straight_hold,B0,command_1_6,steer_rad,1000,0.0003030266707087321,0.002678892462675057,0.0046335594728589054,0.004900255706161261,5.994999885559082,0.0,0.0
straight_hold,B0,stable_2_4,speed_m_s,400,-0.0038273143768310547,0.008172986614714248,0.026271152496337883,0.02830219268798828,3.884999990463257,0.0,0.0
straight_hold,B0,stable_2_4,steer_rad,400,-0.0014430674456411908,0.001714258909230714,0.002821567421779036,0.0032254192046821117,2.0,0.0,0.0
straight_hold,B0,governed_quiet_0p3s,speed_m_s,1941,-0.016048203050199703,0.020295557558637406,0.02689218521118164,0.0340425968170166,7.864999771118164,0.0,0.0
straight_hold,B0,governed_quiet_0p3s,steer_rad,1941,-0.0004167867159346265,0.003960782971699417,0.006650201510637999,0.009248162619769573,8.295000076293945,0.0,0.0
straight_hold,B0,governed_transient,speed_m_s,59,-0.0005080942380226264,0.014045628672901005,0.03580877780914305,0.04365730285644531,0.0,0.0,0.0
straight_hold,B0,governed_transient,steer_rad,59,3.297385763412961e-05,0.00021855755938254986,0.0003802984807407482,0.00043821640429086983,0.28999999165534973,0.0,0.0
straight_hold,alpha0,all,speed_m_s,2000,-0.01640317976474762,0.0206392849868741,0.027362179756164548,0.045844078063964844,0.0,0.0,0.0
straight_hold,alpha0,all,steer_rad,2000,-0.0004280405616894711,0.00382499268417655,0.006919830990955232,0.013018709607422352,0.2549999952316284,0.0,0.0
straight_hold,alpha0,command_1_6,speed_m_s,1000,-0.012525656700134277,0.01736604800230452,0.02601456642150879,0.02853250503540039,3.7200000286102295,0.0,0.0
straight_hold,alpha0,command_1_6,steer_rad,1000,0.0003932570669124402,0.0027055506223114677,0.004536343005020172,0.004679351695813239,5.960000038146973,0.0,0.0
straight_hold,alpha0,stable_2_4,speed_m_s,400,-0.006115777492523193,0.011158682642591664,0.026585721969604487,0.02853250503540039,3.7200000286102295,0.0,0.0
straight_hold,alpha0,stable_2_4,steer_rad,400,-0.001252866198461078,0.0015823394423423046,0.0028019333927659313,0.003053183958400041,2.0,0.0,0.0
straight_hold,alpha0,governed_quiet_0p3s,speed_m_s,1428,-0.01736837391759835,0.02083927423016105,0.02848997116088867,0.03425931930541992,7.869999885559082,0.0,0.0
straight_hold,alpha0,governed_quiet_0p3s,steer_rad,1428,-0.00021474840919557463,0.003685477773533734,0.0060213787131942805,0.006547074182890356,8.639999389648438,0.0,0.0
straight_hold,alpha0,governed_transient,speed_m_s,572,-0.01399356918735104,0.020131341858373675,0.02629972696304321,0.045844078063964844,0.0,0.0,0.0
straight_hold,alpha0,governed_transient,steer_rad,572,-0.0009605251661672407,0.004152885967077616,0.00771787200355902,0.013018709607422352,0.2549999952316284,0.0,0.0
straight_hold,alpha1,all,speed_m_s,2000,-0.01621930754184723,0.020491250938573995,0.027171599864959713,0.04584360122680664,0.0,0.0,0.0
straight_hold,alpha1,all,steer_rad,2000,-0.0003832414095861338,0.003980254117093356,0.006730943534876133,0.009208094736095518,8.399999618530273,0.0,0.0
straight_hold,alpha1,command_1_6,speed_m_s,1000,-0.012426517724990845,0.01727386727668768,0.025966894626617432,0.028450489044189453,3.7249999046325684,0.0,0.0
straight_hold,alpha1,command_1_6,steer_rad,1000,0.00036897257940836424,0.002896569371526303,0.004819133726414293,0.00490007596090436,5.994999885559082,0.0,0.0
straight_hold,alpha1,stable_2_4,speed_m_s,400,-0.00598965585231781,0.01104498840287487,0.026488089561462397,0.028450489044189453,3.7249999046325684,0.0,0.0
straight_hold,alpha1,stable_2_4,steer_rad,400,-0.001450628658203641,0.0017815248269313416,0.002961357973981648,0.0033668522955849767,2.0,0.0,0.0
straight_hold,alpha1,governed_quiet_0p3s,speed_m_s,1668,-0.017160023859650684,0.020803423179435204,0.027764308452606197,0.03409862518310547,7.960000038146973,0.0,0.0
straight_hold,alpha1,governed_quiet_0p3s,steer_rad,1668,-0.00043234895022569716,0.0040138815582902235,0.006674985008430667,0.009208094736095518,8.399999618530273,0.0,0.0
straight_hold,alpha1,governed_transient,speed_m_s,332,-0.011493058089750359,0.018844773347495906,0.026188135147094723,0.04584360122680664,0.0,0.0,0.0
straight_hold,alpha1,governed_transient,steer_rad,332,-0.00013652039215603865,0.003806814094945781,0.008366966363973915,0.00914936515619047,8.375,0.0,0.0
