alpha,phase,post_step_time_start_s,post_step_time_end_exclusive_s,speed_rmse,xy_rmse
0.0,before,0,4,0.013575082581192508,0.054371945559978485
0.0,during,4,5,0.008329029264326762,0.1289394497871399
0.0,after,5,10.01,0.015940801908668353,0.13168318569660187
0.5,before,0,4,0.0118118604847426,0.07191769778728485
0.5,during,4,5,0.01397212116576504,0.1569237858057022
0.5,after,5,10.01,0.013341332986131585,0.19413702189922333
1.0,before,0,4,0.021652779358534616,0.10014145821332932
1.0,during,4,5,0.01665696117019587,0.1849610060453415
1.0,after,5,10.01,0.012500222224320248,0.25163334608078003
