variant,scoring_alpha,trajectory_alpha_0,trajectory_alpha_05,trajectory_alpha_1,best_saved_trajectory_alpha
current,0.0,90.58340542513189,76.76291894986421,65.1783720923174,0.0
current,0.5,101.00664722707613,92.30291121183025,86.81536401987658,0.0
current,1.0,110.4957975904609,106.71731577932411,105.0067752614702,0.0
all_tracking_x3_again,0.0,256.5556889644453,222.62168676428846,189.25897433760906,0.0
all_tracking_x3_again,0.5,287.8254143702787,269.2416635501856,254.16995012028673,0.0
all_tracking_x3_again,1.0,316.29286546043227,312.48487725266773,308.7441838450674,0.0
preference_ratio20,0.0,89.52674719209422,75.18759864879863,63.205233657281276,0.0
preference_ratio20,0.5,101.00664722707613,92.30291121183025,86.81536401987658,0.0
preference_ratio20,1.0,111.5524558234987,108.29263608039011,106.97991369650627,0.0
speed_fine005,0.0,90.39908941793195,76.61780177759361,64.93367155611648,0.0
speed_fine005,0.5,99.99290918747562,91.50476676434018,85.46951107077155,0.0
speed_fine005,1.0,108.65263751845953,105.26614405661519,102.55976989946079,0.0
