group,parameter,value
tracking,action_delta_weight,0.02
tracking,action_weight,0.01
tracking,budget_rate,6.0
tracking,final_heading_tolerance,0.15
tracking,final_lateral_tolerance,0.1
tracking,final_longitudinal_tolerance,0.15
tracking,final_roll_rate_tolerance,0.3
tracking,final_speed_tolerance,0.2
tracking,final_yaw_rate_tolerance,0.15
tracking,heading_fine,0.1
tracking,heading_scale,0.15
tracking,heading_tail_weight,0.3
tracking,heading_wide,0.35
tracking,hold_seconds,0.5
tracking,lateral_fine,0.1
tracking,lateral_relaxed,0.4
tracking,lateral_scale,0.2
tracking,lateral_tight,0.1
tracking,lateral_wide,0.4
tracking,longitudinal_fine,0.15
tracking,longitudinal_relaxed,0.5
tracking,longitudinal_scale,0.2
tracking,longitudinal_tight,0.15
tracking,longitudinal_wide,0.5
tracking,priority_ratio,10.0
tracking,return_bonus,2.0
tracking,return_rate,0.5
tracking,return_seconds,3.0
tracking,roll_rate_weight,1.0
tracking,roll_weight,100.0
tracking,roll_working_limit,0.3
tracking,speed_fine,0.15
tracking,speed_relaxed,0.5
tracking,speed_scale,0.2
tracking,speed_tight,0.2
tracking,speed_wide,0.5
tracking,start_seconds,1.0
tracking,tail_rate,0.30000000000000004
tracking,timed,true
tracking,tracking_rate,12.0
tracking,yaw_rate_fine,0.1
tracking,yaw_rate_relaxed,0.4
tracking,yaw_rate_scale,0.2
tracking,yaw_rate_tight,0.15
tracking,yaw_rate_wide,0.4
actuator,composition,"""additive"""
actuator,delay_steps,0
actuator,dt,0.005
actuator,project_base,false
actuator,rear_acceleration,null
actuator,rear_rate_limit,60.0
actuator,rear_residual_scale,10.0
actuator,steer_acceleration,null
actuator,steer_limit,0.8
actuator,steer_rate_limit,3.0
actuator,steer_residual_scale,1.5
actuator,strength,1.0
timed_reference,fixed,"[[0, 2.1, 0], [3, 2.1, 0.3], [6, 2.1, 0]]"
timed_reference,lateral_feedback,0.4
timed_reference,max_steer,0.35
timed_reference,speed_max,2.5
timed_reference,speed_min,1.7
timed_reference,speed_slew,0.5
timed_reference,switch_windows,"[[1.5, 2.5], [3.0, 4.0], [5.0, 6.0]]"
timed_reference,yaw_feedback,1.0
timed_reference,yaw_rate_max,0.6
timed_reference,yaw_slew,0.6
