update,case,seed,method,horizon_s,observed_ticks,physical_failure,steer_rmse_steady_rad,speed_rmse_steady_m_s,actual_steer_steady_rad,actual_speed_steady_m_s,peak_roll_rad,roll_over_0p302_s,actual_drop_ge_0p1_longest_s,actual_drop_ge_0p2_longest_s,final_heading_rmse_rad,final_speed_hold,final_steer_hold,final_heading_hold,joint_final_hold,mean_abs_speed_offset_m_s,mean_abs_steer_offset_rad,reward_audit_passed,cost_primary_excess_integral,cost_yaw_recovery_integral,cost_heading_integral,cost_speed_integral,cost_steer_integral,cost_roll_integral,cost_roll_rate_integral,cost_command_compatibility_integral,cap_primary_excess_fraction,cap_yaw_recovery_fraction,cap_heading_fraction,cap_speed_fraction,cap_steer_fraction,cap_roll_fraction,cap_roll_rate_fraction
25,straight_hold,77001,B0,10,2000,False,0.0017140471609309316,0.00817491952329874,-0.0014419907238334417,2.296172857284546,0.008911609649658203,0.0,0.0,0.0,0.01456444337964058,True,True,True,True,0.0,0.0,,0.0,0.35347262024879456,1.0771945714950562,0.002566481241956353,0.01521564181894064,0.0,0.0,0.0,0.0,0.0,0.0,0.0,0.0,0.0,0.0
25,straight_hold,77001,alpha0,10,2000,False,0.000994539470411837,0.04012296348810196,-0.00045610227971337736,2.3392271995544434,0.008007049560546875,0.0,0.0,0.0,0.02523188851773739,True,True,True,True,0.04341817647218704,0.0008332772995345294,True,0.0,0.5950145125389099,4.782858371734619,0.5522875785827637,0.014130123890936375,0.0,0.0,0.0,0.0,0.0,0.0,0.0,0.0,0.0,0.0
25,straight_hold,77001,alpha1,10,2000,False,0.001339930109679699,0.03714083135128021,-0.0009894752874970436,2.3361809253692627,0.00865161418914795,0.0,0.0,0.0,0.0038162812124937773,True,True,True,True,0.04042491316795349,0.0003572781861294061,True,0.0,0.38975852727890015,1.9261287450790405,0.3535577654838562,0.014280319213867188,0.0,0.0,0.0,0.0,0.0,0.0,0.0,0.0,0.0,0.0
25,fast_turn,77001,B0,10,2000,False,0.01970434933900833,0.11058446764945984,0.23451298475265503,2.49005126953125,0.41314423084259033,2.575,0.0,0.0,0.3175138235092163,True,True,False,False,0.0,0.0,,7.777016639709473,21.58060810502502,98.67996978759766,1.1514095608144999,30.451207876205444,507.6667232811451,0.0,16.34707260131836,0.0,0.0,0.0,0.0,0.0,0.0,0.0
25,fast_turn,77001,B0,16,3200,False,0.01970434933900833,0.11058446764945984,0.23451298475265503,2.49005126953125,0.41314423084259033,2.575,0.0,0.0,0.23667606711387634,True,True,False,False,0.0,0.0,,7.777016639709473,33.439449047407834,208.344482421875,1.1653236094862223,30.771151065826416,507.6667232811451,0.0,16.34707260131836,0.0,0.0,0.0,0.0,0.0,0.0,0.0
25,fast_turn,77001,alpha0,10,2000,False,0.021486617624759674,0.16490957140922546,0.231729656457901,2.4356870651245117,0.3817707300186157,2.5100000000000002,0.0,0.0,0.47685548663139343,True,True,False,False,0.04509938880801201,0.0026383583899587393,True,5.562928199768066,29.332565228840394,95.68775177001953,0.736232727766037,26.98108696937561,380.25371755706146,0.0,10.908378601074219,0.0,0.0,0.0,0.0,0.0,0.0,0.0
25,fast_turn,77001,alpha0,16,3200,False,0.021486617624759674,0.16490957140922546,0.231729656457901,2.4356870651245117,0.3817707300186157,2.5100000000000002,0.0,0.0,0.09548421204090118,True,True,False,False,0.04410688579082489,0.0018864591838791966,True,5.562928199768066,44.38864509334235,279.3180847167969,0.7362327426671982,27.379578351974487,380.25371755706146,0.0,10.908378601074219,0.0,0.0,0.0,0.0,0.0,0.0,0.0
25,fast_turn,77001,alpha1,10,2000,False,0.023132432252168655,0.08535437285900116,0.2299523502588272,2.5154569149017334,0.41044294834136963,2.57,0.0,0.0,0.3107808828353882,True,True,False,False,0.034976668655872345,0.001802589395083487,True,12.181901931762695,20.258907075003663,82.77800750732422,14.109731897711754,21.051696300506592,504.01672576367855,0.0,16.420631408691406,0.0,0.0,0.0,0.0,0.0,0.0,0.0
25,fast_turn,77001,alpha1,16,3200,False,0.023132432252168655,0.08535437285900116,0.2299523502588272,2.5154569149017334,0.41044294834136963,2.57,0.0,0.0,0.2073274701833725,True,True,False,False,0.03717345371842384,0.0011847781715914607,True,12.181901931762695,30.223529572562256,182.51315307617188,14.109731901437044,21.313109159469604,504.01672576367855,0.0,16.420631408691406,0.0,0.0,0.0,0.0,0.0,0.0,0.0
100,straight_hold,77001,B0,10,2000,False,0.001714258803986013,0.008172986097633839,-0.001443067449145019,2.296172857284546,0.008911728858947754,0.0,0.0,0.0,0.014554803259670734,True,True,True,True,0.0,0.0,,0.0,0.3534582555294037,1.0773837566375732,0.002567570423707366,0.015214481391012669,0.0,0.0,0.0,0.0,0.0,0.0,0.0,0.0,0.0,0.0
100,straight_hold,77001,alpha0,10,2000,False,0.001324723125435412,0.07101715356111526,-0.001091663376428187,2.3703908920288086,0.007484912872314453,0.0,0.03,0.0,0.02920772321522236,True,True,True,True,0.0752883031964302,0.0010723937302827835,True,0.0,0.2190244197845459,0.40584802627563477,8.023933410644531,0.008282794617116451,0.0,0.0,0.0,0.0,0.0,0.0,0.0,0.0,0.0,0.0
100,straight_hold,77001,alpha1,10,2000,False,0.00329822045750916,0.039984896779060364,-0.003153945319354534,2.3388872146606445,0.009912610054016113,0.0,0.0,0.0,0.10616195201873779,True,True,False,False,0.044198859483003616,0.0018239906057715416,True,0.0,1.7994927167892456,14.800280570983887,0.604914128780365,0.01620078831911087,0.0,0.0,0.0,0.0,0.0,0.0,0.0,0.0,0.0,0.0
100,speed_changes,77001,B0,10,2000,False,0.0017645681509748101,0.008898135274648666,-0.0013418224407359958,2.5621020793914795,0.00938868522644043,0.0,2.215,1.815,0.028596816584467888,True,True,True,True,0.0,0.0,,0.0,0.2863808870315552,0.8371018767356873,0.009851997718214989,0.06421849131584167,0.0,0.0,0.0,0.0,0.0,0.0,0.0,0.0,0.0,0.0
100,speed_changes,77001,alpha0,10,2000,False,0.0017240039305761456,0.06651824712753296,-0.0013007286470383406,2.634202241897583,0.01322948932647705,0.0,2.2600000000000002,1.87,0.011449776589870453,True,True,True,True,0.07082279771566391,0.0023703614715486765,True,0.0,0.11384528130292892,0.9993259906768799,5.925651550292969,0.2186434119939804,0.0,0.0,0.0,0.0,0.0,0.0,0.0,0.0,0.0,0.0
100,speed_changes,77001,alpha1,10,2000,False,0.005932016298174858,0.03960585966706276,-0.004983837716281414,2.6072869300842285,0.016716361045837402,0.0,2.24,1.835,0.11015994101762772,True,True,False,False,0.042762551456689835,0.0035828265827149153,True,0.0,1.450729489326477,11.117973327636719,0.43733030557632446,0.6418996453285217,0.0,0.0,0.0,0.0,0.0,0.0,0.0,0.0,0.0,0.0
100,gentle_positive,77001,B0,10,2000,False,0.010181301273405552,0.03638094291090965,0.08947702497243881,2.2637314796447754,0.11681711673736572,0.0,0.0,0.0,0.047275930643081665,True,True,False,False,0.0,0.0,,0.0,0.5776751080265967,6.0344061851501465,0.08467414509505033,10.660059005022049,0.0,0.0,0.0,0.0,0.0,0.0,0.0,0.0,0.0,0.0
100,gentle_positive,77001,alpha0,10,2000,False,0.0019197975052520633,0.009087847545742989,0.08012212812900543,2.30851411819458,0.10689282417297363,0.0,0.03,0.0,0.054067738354206085,True,True,False,False,0.06405728310346603,0.003958507440984249,True,0.0,0.7418212908378337,6.438173770904541,3.0188581943511963,7.362780183553696,0.0,0.0,0.0,0.0,0.0,0.0,0.0,0.0,0.0,0.0
100,gentle_positive,77001,alpha1,10,2000,False,0.004629134200513363,0.009476923383772373,0.07579323649406433,2.309446334838867,0.09670007228851318,0.0,0.0,0.0,0.18481497466564178,True,True,False,False,0.04323534294962883,0.004932668060064316,True,0.0,5.988572774454951,66.59888193107327,0.31329986453056335,7.612643525004387,0.0,0.0,0.0,0.0,0.0,0.0,0.0,0.0,0.0,0.0
100,gentle_negative,77001,B0,10,2000,False,0.00920081976801157,0.041981298476457596,-0.08858657628297806,2.258026361465454,0.1257038116455078,0.0,0.0,0.0,0.08300767093896866,True,True,False,False,0.0,0.0,,0.0,2.7819932251877617,25.589860916137695,0.3392190709710121,11.280529141426086,0.0,0.0,0.0,0.0,0.0,0.0,0.0,0.0,0.0,0.0
100,gentle_negative,77001,alpha0,10,2000,False,0.004435388371348381,0.008392293006181717,-0.07607737183570862,2.3083274364471436,0.10878658294677734,0.0,0.03,0.0,0.06704637408256531,True,True,False,False,0.06545722484588623,0.006358637008816004,True,0.0,2.4501101392379496,30.728412628173828,2.655489206314087,7.202556401491165,0.0,0.0,0.0,0.0,0.0,0.0,0.0,0.0,0.0,0.0
100,gentle_negative,77001,alpha1,10,2000,False,0.002490897662937641,0.0025802876334637403,-0.0787728950381279,2.297611951828003,0.1108781099319458,0.0,0.0,0.0,0.02104141190648079,True,True,True,True,0.042104363441467285,0.005931490566581488,True,0.0,1.279043136164546,10.442823619610863,0.2180672436952591,7.317698448896408,0.0,0.0,0.0,0.0,0.0,0.0,0.0,0.0,0.0,0.0
100,steer_reversal,77001,B0,10,2000,False,0.048939988017082214,0.03709718585014343,0.11130565404891968,2.2641332149505615,0.2113405466079712,0.0,0.0,0.0,0.05092628672719002,True,True,False,False,0.0,0.0,,0.0,0.47042091058392543,3.913828134536743,1.2519267573952675,31.949126914143562,0.0,0.0,0.0,0.0,0.0,0.0,0.0,0.0,0.0,0.0
100,steer_reversal,77001,alpha0,10,2000,False,0.045075543224811554,0.027987977489829063,0.10342607647180557,2.290146827697754,0.18405365943908691,0.0,1.6600000000000001,0.0,0.023831816390156746,True,True,True,True,0.05116346850991249,0.006067855749279261,True,0.0,0.14068307160050608,0.3042135238647461,4.430726706981659,25.433713406324387,0.0,0.0,0.0,0.0,0.0,0.0,0.0,0.0,0.0,0.0
100,steer_reversal,77001,alpha1,10,2000,False,0.04719735309481621,0.011784540489315987,0.10043749958276749,2.3091542720794678,0.18804264068603516,0.0,0.0,0.0,0.13177445530891418,True,True,False,False,0.04147239029407501,0.008299272507429123,True,0.0,2.2527076583355665,29.920827121502953,0.312434583902359,28.789707202464342,0.0,0.0,0.0,0.0,0.0,0.0,0.0,0.0,0.0,0.0
100,fast_turn,77001,B0,10,2000,False,0.019704217091202736,0.11058501154184341,0.23451285064220428,2.4900505542755127,0.4131425619125366,2.575,0.0,0.0,0.3175240755081177,True,True,False,False,0.0,0.0,,7.777120113372803,21.58102772172424,98.68115997314453,1.1514153415337205,30.45131254196167,507.66829635202885,0.0,16.34707260131836,0.0,0.0,0.0,0.0,0.0,0.0,0.0
100,fast_turn,77001,B0,16,3200,False,0.019704217091202736,0.11058501154184341,0.23451285064220428,2.4900505542755127,0.4131425619125366,2.575,0.0,0.0,0.23668129742145538,True,True,False,False,0.0,0.0,,7.777120113372803,33.440250133833615,208.34922790527344,1.1653354102745652,30.7712721824646,507.66829635202885,0.0,16.34707260131836,0.0,0.0,0.0,0.0,0.0,0.0,0.0
100,fast_turn,77001,alpha0,10,2000,False,0.018615316599607468,0.3144977390766144,0.2321527600288391,2.2858405113220215,0.31540000438690186,2.16,0.44,0.0,0.5264824628829956,True,True,False,False,0.11185546219348907,0.015349579975008965,True,2.421515464782715,30.460479678498814,112.49177551269531,6.413756847381592,20.143409967422485,137.93179321289062,0.0,1.6829867362976074,0.0,0.0,0.0,0.0,0.0,0.0,0.0
100,fast_turn,77001,alpha0,16,3200,False,0.018615316599607468,0.3144977390766144,0.2321527600288391,2.2858405113220215,0.31540000438690186,2.16,0.44,0.0,0.07754776626825333,True,True,False,False,0.09752809256315231,0.01415692362934351,True,2.421515464782715,46.505884112702915,326.9985656738281,8.44761574268341,20.579022884368896,137.93179321289062,0.0,1.6829867362976074,0.0,0.0,0.0,0.0,0.0,0.0,0.0
100,fast_turn,77001,alpha1,10,2000,False,0.04040048271417618,0.049973517656326294,0.2103310078382492,2.5504348278045654,0.3676103353500366,2.445,0.0,0.0,0.4697084128856659,True,True,False,False,0.04266484081745148,0.01358883548527956,True,0.16547374427318573,25.97957724146545,146.54626962638577,4.773275088518858,16.60083544254303,344.4060974121094,0.0,10.326861381530762,0.0,0.0,0.0,0.0,0.0,0.0,0.0
100,fast_turn,77001,alpha1,16,3200,False,0.04040048271417618,0.049973517656326294,0.2103310078382492,2.5504348278045654,0.3676103353500366,2.445,0.0,0.0,0.24960416555404663,True,True,False,False,0.043367739766836166,0.00940749142318964,True,0.16547374427318573,44.90317457728088,370.9101459691592,4.773275092244148,16.67038595676422,344.4060974121094,0.0,10.326861381530762,0.0,0.0,0.0,0.0,0.0,0.0,0.0
