run_update,method,window,n_ticks,last_saved_time_s,speed_rmse_m_s,steer_rmse_rad,heading_rmse_rad,peak_roll_abs_rad,physical_failure,reward_sum
20,B0,common_prefix,1000,4.994999885559082,0.13535431027412415,0.06516865640878677,0.5821517705917358,0.3848201036453247,False,-25.830467224121094
20,B0,conflict_2.5_4.5,400,4.494999885559082,0.17811498045921326,0.03757559880614281,0.8233065009117126,0.38469648361206055,False,-17.509950637817383
20,pi_alpha0,common_prefix,1000,4.994999885559082,0.0849476158618927,0.06462673097848892,0.6459169983863831,0.3512914180755615,False,-24.53937339782715
20,pi_alpha0,conflict_2.5_4.5,400,4.494999885559082,0.1173843964934349,0.04999479278922081,0.8830514550209045,0.35125720500946045,False,-16.83586883544922
20,pi_alpha1,common_prefix,1000,4.994999885559082,0.08315738290548325,0.06501681357622147,0.6544501185417175,0.3512648344039917,False,-22.41543960571289
20,pi_alpha1,conflict_2.5_4.5,400,4.494999885559082,0.11467809975147247,0.0504787303507328,0.8941642642021179,0.351230263710022,False,-16.304859161376953
456,B0,common_prefix,1000,4.994999885559082,0.13535389304161072,0.0651685893535614,0.5821571946144104,0.3848203420639038,False,-25.830307006835938
456,B0,conflict_2.5_4.5,400,4.494999885559082,0.17811456322669983,0.03757621720433235,0.8233142495155334,0.3846970796585083,False,-17.509801864624023
456,pi_alpha0,common_prefix,1000,4.994999885559082,0.026970701292157173,0.1164192259311676,1.3930097818374634,0.17034244537353516,False,-12.11142349243164
456,pi_alpha0,conflict_2.5_4.5,400,4.494999885559082,0.03440377116203308,0.15482886135578156,1.738196849822998,0.17030417919158936,False,-8.305814743041992
456,pi_alpha1,common_prefix,1000,4.994999885559082,0.023195169866085052,0.11911353468894958,1.4592108726501465,0.1662755012512207,False,-2.54366397857666
456,pi_alpha1,conflict_2.5_4.5,400,4.494999885559082,0.029102280735969543,0.15697836875915527,1.8249897956848145,0.16626858711242676,False,-0.979895293712616
