update,turn_sign,method,complete5s,physical_failure,peak_roll_rad,speed_rmse_m_s,steer_rmse_rad,pre_turn_speed_mean_m_s,mean_actual_speed_drop_m_s,drop_ge_0p2_longest_s,pair_gate_passed
20,positive,alpha0,True,False,0.2933312654495239,0.3951157331466675,0.02265545167028904,2.6143577098846436,0.4093400835990906,2.5,False
20,positive,alpha1,True,False,0.3335123062133789,0.2607980966567993,0.02793073281645775,2.569455862045288,0.23009979724884033,2.5,False
20,positive,B0,True,False,0.4103583097457886,0.10914735496044159,0.019651712849736214,2.603337049484253,0.11203223466873169,0.0,False
20,negative,alpha0,True,False,0.28759443759918213,0.46313124895095825,0.013448852114379406,2.6143577098846436,0.4773274064064026,2.5,False
20,negative,alpha1,True,False,0.3248337507247925,0.3295323848724365,0.01919443905353546,2.5694544315338135,0.2988087236881256,2.5,False
20,negative,B0,True,False,0.40444469451904297,0.16128158569335938,0.014088692143559456,2.603336811065674,0.1642458736896515,0.0,False
40,positive,alpha0,True,False,0.24246478080749512,0.6252438426017761,0.014046510681509972,2.6651456356048584,0.6902194619178772,2.5,False
40,positive,alpha1,True,False,0.29803669452667236,0.2629558742046356,0.039788514375686646,2.6340579986572266,0.2967816889286041,2.5,False
40,positive,B0,True,False,0.4103583097457886,0.10914735496044159,0.019651712849736214,2.603337049484253,0.11203223466873169,0.0,False
40,negative,alpha0,True,False,0.24113571643829346,0.6219071745872498,0.012426510453224182,2.6651456356048584,0.6868429183959961,2.5,False
40,negative,alpha1,True,False,0.30920517444610596,0.3092612028121948,0.02514827437698841,2.6340579986572266,0.34298279881477356,2.5,False
40,negative,B0,True,False,0.40444469451904297,0.16128158569335938,0.014088692143559456,2.603336811065674,0.1642458736896515,0.0,False
