update,scenario,method,window_s,observed_ticks,physical_failure,speed_rmse_m_s,steer_rmse_rad,heading_rmse_rad,final_speed_rmse_m_s,final_steer_rmse_rad,final_heading_rmse_rad,final_speed_hold,final_steer_hold,final_heading_hold,joint_final_hold,peak_roll_rad,roll_violation_s,final_xy_error_m,final_along_m,final_lateral_m,final_heading_error_rad
80,straight_hold,B0,10,2000,False,0.016595585271716118,0.0026791663840413094,0.017858076840639114,0.02598399668931961,0.005564976017922163,0.014561427757143974,True,True,True,True,0.008911490440368652,0.0,0.16503360867500305,-0.16496054828166962,0.004910113289952278,0.020779607817530632
80,straight_hold,alpha0,10,2000,False,0.045527540147304535,0.0029156971722841263,0.04630855843424797,0.028954800218343735,0.007007705047726631,0.08710889518260956,True,True,False,False,0.01057887077331543,0.0,0.9971076846122742,0.36872345209121704,0.926426887512207,0.09568648040294647
80,straight_hold,alpha1,10,2000,False,0.03982016071677208,0.007668477948755026,0.12337759882211685,0.021522916853427887,0.003179797437041998,0.32512667775154114,True,True,False,False,0.013581514358520508,0.0,4.053073406219482,-0.17327259480953217,-4.049367904663086,-0.32940176129341125
80,speed_changes,B0,10,2000,False,0.014659409411251545,0.004130124114453793,0.019439084455370903,0.02626219019293785,0.004831279627978802,0.028597354888916016,True,True,True,True,0.009387969970703125,0.0,0.18599529564380646,-0.18444478511810303,0.023965978994965553,0.034105200320482254
80,speed_changes,alpha0,10,2000,False,0.04242589697241783,0.005238804034888744,0.062321003526449203,0.02880588360130787,0.006198234390467405,0.12507648766040802,True,True,False,False,0.01370704174041748,0.0,1.3822137117385864,0.31965142488479614,1.3447444438934326,0.1326541006565094
80,speed_changes,alpha1,10,2000,False,0.03574593365192413,0.009111898951232433,0.12753170728683472,0.021449333056807518,0.003652548184618354,0.2956956624984741,True,True,False,False,0.012911558151245117,0.0,3.852226495742798,-0.15758509933948517,-3.849001884460449,-0.3006287217140198
80,gentle_positive,B0,10,2000,False,0.03258119523525238,0.029498036950826645,0.07367303222417831,0.0263166893273592,0.005358454771339893,0.04728516936302185,True,True,False,False,0.11681616306304932,0.0,0.372784823179245,-0.34698110818862915,-0.13628146052360535,0.040027618408203125
80,gentle_positive,alpha0,10,2000,False,0.021931281313300133,0.025321384891867638,0.07075556367635727,0.029785141348838806,0.0029005142860114574,0.15362045168876648,True,True,False,False,0.10802626609802246,0.0,1.6945385932922363,-0.1685328483581543,1.6861369609832764,0.14957833290100098
80,gentle_positive,alpha1,10,2000,False,0.01775219477713108,0.024074139073491096,0.07933183759450912,0.023227404803037643,0.010858584195375443,0.1715640425682068,True,True,False,False,0.11056780815124512,0.0,1.7106244564056396,0.0897337794303894,-1.7082692384719849,-0.18563377857208252
80,gentle_negative,B0,10,2000,False,0.037119101732969284,0.030854498967528343,0.07169004529714584,0.03266090527176857,0.013422844000160694,0.08300916105508804,True,True,False,False,0.12570273876190186,0.0,0.5280325412750244,-0.3486533463001251,-0.3965592384338379,-0.06540310382843018
80,gentle_negative,alpha0,10,2000,False,0.01933429017663002,0.025309748947620392,0.05047754943370819,0.02138054184615612,0.013507218100130558,0.05533882603049278,True,True,False,False,0.11049556732177734,0.0,0.6002939343452454,0.05204387009143829,-0.5980336666107178,-0.036881446838378906
80,gentle_negative,alpha1,10,2000,False,0.01693395897746086,0.02791937254369259,0.16147485375404358,0.013893448747694492,0.00442679226398468,0.470487505197525,True,True,False,False,0.09894216060638428,0.0,5.558418273925781,-1.3721078634262085,-5.386402606964111,-0.4649174213409424
80,steer_reversal,B0,10,2000,False,0.042208850383758545,0.050334345549345016,0.15687553584575653,0.0321890190243721,0.005375545937567949,0.0509285070002079,True,True,False,False,0.21133935451507568,0.0,0.8263582587242126,-0.7641763687133789,0.3144878149032593,0.04363882541656494
80,steer_reversal,alpha0,10,2000,False,0.08996055275201797,0.043360184878110886,0.15133117139339447,0.02499077469110489,0.003485170193016529,0.07626382261514664,True,True,False,False,0.1887301206588745,0.0,0.964827835559845,-0.01454046368598938,0.964718222618103,0.0714147686958313
80,steer_reversal,alpha1,10,2000,False,0.06226949766278267,0.04389550909399986,0.15835872292518616,0.02379732020199299,0.010707138106226921,0.26766636967658997,True,True,False,False,0.18218457698822021,0.0,1.9198569059371948,-0.328452467918396,-1.891552209854126,-0.2811720073223114
80,fast_turn,B0,10,2000,False,0.0826818123459816,0.05824990198016167,0.18815667927265167,0.021801592782139778,0.020164882764220238,0.31751880049705505,True,True,False,False,0.41314399242401123,2.57,1.4703620672225952,-0.5151304602622986,-1.3771729469299316,0.33975934982299805
80,fast_turn,B0,16,3200,False,0.0826818123459816,0.05824990198016167,0.18815667927265167,0.022242145612835884,0.008166234008967876,0.23668520152568817,True,True,False,False,0.41314399242401123,2.57,1.0934059619903564,-1.0501538515090942,-0.3044888973236084,-0.24501943588256836
80,fast_turn,alpha0,10,2000,False,0.3420679569244385,0.0410354845225811,0.5814068913459778,0.030248533934354782,0.005698989145457745,0.9836078882217407,True,True,False,False,0.2842358350753784,0.0,10.14697551727295,-5.531313896179199,8.50680160522461,0.975421667098999
80,fast_turn,alpha0,16,3200,False,0.3420679569244385,0.0410354845225811,0.5814068913459778,0.02844085544347763,0.0044028316624462605,0.7912189960479736,True,True,False,False,0.2842358350753784,0.0,21.83133316040039,-10.393697738647461,19.19839096069336,0.7859845161437988
80,fast_turn,alpha1,10,2000,False,0.12569792568683624,0.04395681619644165,0.46700385212898254,0.028380218893289566,0.013567178510129452,0.48527225852012634,True,True,False,False,0.3268378973007202,2.23,6.754011631011963,-3.086491584777832,6.007515907287598,0.46723413467407227
80,fast_turn,alpha1,16,3200,False,0.12569792568683624,0.04395681619644165,0.46700385212898254,0.03487348556518555,0.0028230533935129642,0.11801817268133163,True,True,False,False,0.3268378973007202,2.23,9.97209358215332,-3.392263174057007,9.377376556396484,0.11459970474243164
120,straight_hold,B0,10,2000,False,0.016594935208559036,0.002678795950487256,0.017857272177934647,0.025982389226555824,0.005571699235588312,0.014570115134119987,True,True,True,True,0.008911371231079102,0.0,0.16501320898532867,-0.16493956744670868,0.00492970971390605,0.020794617012143135
120,straight_hold,alpha0,10,2000,False,0.0601782463490963,0.002555062063038349,0.03404157981276512,0.044304218143224716,0.005642632953822613,0.05360206589102745,True,True,False,False,0.008824825286865234,0.0,0.7723017334938049,0.5391916036605835,0.552921712398529,0.06049294397234917
120,straight_hold,alpha1,10,2000,False,0.04325622320175171,0.0027753126341849566,0.04384172707796097,0.027553929015994072,0.005694008897989988,0.07809403538703918,True,True,False,False,0.009548544883728027,0.0,0.9240888953208923,0.3483923077583313,0.8558990359306335,0.08503582328557968
120,speed_changes,B0,10,2000,False,0.014659606851637363,0.004130133893340826,0.019439052790403366,0.026262899860739708,0.004831945989280939,0.028602637350559235,True,True,True,True,0.009388208389282227,0.0,0.18599598109722137,-0.18444478511810303,0.0239713191986084,0.03411182761192322
120,speed_changes,alpha0,10,2000,False,0.05809074640274048,0.004794085863977671,0.05691040679812431,0.04397037625312805,0.005123131442815065,0.0948549434542656,True,True,False,False,0.010924577713012695,0.0,1.2097223997116089,0.4995788633823395,1.1017482280731201,0.10111334919929504
120,speed_changes,alpha1,10,2000,False,0.04141164943575859,0.005946974270045757,0.07567562162876129,0.027585599571466446,0.005481525789946318,0.1213596761226654,True,True,False,False,0.012628674507141113,0.0,1.563737392425537,0.289685994386673,1.5366706848144531,0.1280318945646286
120,gentle_positive,B0,10,2000,False,0.03258097544312477,0.029498307034373283,0.07367375493049622,0.026317913085222244,0.005361509509384632,0.0472806915640831,True,True,False,False,0.11681628227233887,0.0,0.3727880120277405,-0.346979558467865,-0.1362941563129425,0.04001963138580322
120,gentle_positive,alpha0,10,2000,False,0.03479133918881416,0.0233155507594347,0.0964544415473938,0.04449349641799927,0.0034876547288149595,0.14766278862953186,True,True,False,False,0.10374319553375244,0.0,2.132237195968628,-0.1566542387008667,2.1264748573303223,0.14285647869110107
120,gentle_positive,alpha1,10,2000,False,0.029700923711061478,0.024041607975959778,0.17207948863506317,0.02670789137482643,0.002970029367133975,0.18890929222106934,True,True,False,False,0.08906757831573486,0.0,3.505854845046997,-0.6306148767471313,3.448672294616699,0.18489551544189453
120,gentle_negative,B0,10,2000,False,0.0371195413172245,0.03085416369140148,0.07169029116630554,0.032658666372299194,0.0134138697758317,0.08301026374101639,True,True,False,False,0.1257030963897705,0.0,0.5279657244682312,-0.34865668416023254,-0.39646732807159424,-0.06541776657104492
120,gentle_negative,alpha0,10,2000,False,0.030308576300740242,0.023337528109550476,0.05204391852021217,0.03739698603749275,0.012176653370261192,0.08056789636611938,True,True,False,False,0.10882163047790527,0.0,1.2153204679489136,0.10546347498893738,-1.2107360363006592,-0.06430482864379883
120,gentle_negative,alpha1,10,2000,False,0.017710283398628235,0.023625103756785393,0.05432792752981186,0.020229415968060493,0.013246291317045689,0.020073385909199715,True,True,True,True,0.10972046852111816,0.0,0.4953726828098297,0.03666859120130539,-0.4940136671066284,-0.0004748106002807617
120,steer_reversal,B0,10,2000,False,0.04220880568027496,0.0503346212208271,0.15687575936317444,0.03218899667263031,0.005376334767788649,0.05093299597501755,True,True,False,False,0.21133887767791748,0.0,0.8263616561889648,-0.7641801834106445,0.31448718905448914,0.04364281892776489
120,steer_reversal,alpha0,10,2000,False,0.04784740135073662,0.04673995077610016,0.16861166059970856,0.039423953741788864,0.003343719057738781,0.09631245583295822,True,True,False,False,0.18459486961364746,0.0,1.330245852470398,0.32790154218673706,1.2891992330551147,0.09158030152320862
120,steer_reversal,alpha1,10,2000,False,0.04611705243587494,0.04957303777337074,0.19308188557624817,0.02226272225379944,0.002484476426616311,0.20047681033611298,True,True,False,False,0.18814027309417725,0.0,3.146043539047241,0.5026767253875732,3.1056249141693115,0.19683782756328583
120,fast_turn,B0,10,2000,False,0.0826820358633995,0.05824977159500122,0.18815594911575317,0.021801959723234177,0.020165301859378815,0.31751349568367004,True,True,False,False,0.41314399242401123,2.57,1.4703896045684814,-0.5151326656341553,-1.3772014379501343,0.3397526741027832
120,fast_turn,B0,16,3200,False,0.0826820358633995,0.05824977159500122,0.18815594911575317,0.022246411070227623,0.00816630944609642,0.23668742179870605,True,True,False,False,0.41314399242401123,2.57,1.0934022665023804,-1.050157070159912,-0.3044643998146057,-0.24502325057983398
120,fast_turn,alpha0,10,2000,False,0.31157413125038147,0.04289130121469498,0.5972911715507507,0.044499631971120834,0.008287767879664898,0.8485580682754517,True,True,False,False,0.28948795795440674,0.0,9.268682479858398,-4.882495880126953,7.8784332275390625,0.8370063304901123
120,fast_turn,alpha0,16,3200,False,0.31157413125038147,0.04289130121469498,0.5972911715507507,0.042069945484399796,0.007592456415295601,0.6041811108589172,True,True,False,False,0.28948795795440674,0.0,18.79383087158203,-8.037163734436035,16.98858642578125,0.5946099758148193
120,fast_turn,alpha1,10,2000,False,0.0981534793972969,0.052464406937360764,0.6837274432182312,0.031250085681676865,0.013887524604797363,0.6558549404144287,True,True,False,False,0.31496965885162354,1.7550000000000001,9.355753898620605,-5.352166175842285,7.67362117767334,0.6375885009765625
120,fast_turn,alpha1,16,3200,False,0.0981534793972969,0.052464406937360764,0.6837274432182312,0.03846032917499542,0.0008924285648390651,0.35070401430130005,True,True,False,False,0.31496965885162354,1.7550000000000001,15.169268608093262,-6.5548272132873535,13.679946899414062,0.3497734069824219
